<?xml version="1.0" encoding="UTF-8"?>
<metadata xml:lang="en"><Esri><CreaDate>20130412</CreaDate><CreaTime>22355100</CreaTime><ArcGISFormat>1.0</ArcGISFormat><SyncOnce>TRUE</SyncOnce><ModDate>20130413</ModDate><ModTime>002250</ModTime></Esri><dataIdInfo><idCitation><resTitle>Create Events At Interval</resTitle></idCitation></dataIdInfo><distInfo><distributor><distorFormat><formatName>ArcToolbox Tool</formatName></distorFormat></distributor></distInfo><tool name="Tool" displayname="Create Events At Interval" toolboxalias=""><parameters><param name="in_routeLayer" displayname="Route Layer" type="Required" direction="Input" datatype="Feature Layer" expression="in_routeLayer"/><param name="in_routeIDField" displayname="RouteID Field" type="Required" direction="Input" datatype="Field" expression="in_routeIDField"/><param name="in_numberDeicmals" displayname="Interval to create events" type="Required" direction="Input" datatype="Double" expression="in_numberDeicmals"/><param name="out_reportTable" displayname="Event Table" type="Required" direction="Output" datatype="Table" expression="out_reportTable"/></parameters></tool></metadata>
